python,__init__,2014-10-06 06:20:49
python,tutorial,2014-10-06 06:20:56
xquarz,pyqt,insall,2014-10-06 17:38:39
mac,os,x,install,pyqt4,2014-10-06 17:39:09
python,string,reverse,2014-10-06 20:38:44
python,substring,2014-10-06 22:04:22
python,substring,2014-10-06 22:04:45
python,substring,2014-10-06 22:05:00
python,substring,find,2014-10-06 22:05:03
python,substring,find,2014-10-06 22:05:44
python,muliple,substring,find,2014-10-06 22:05:51
python,muliple,substring,find,2014-10-06 22:06:02
python,bioinformatics,2014-10-06 22:06:08
python,bioinformatics,2014-10-06 22:06:14
python,bioinformatics,2014-10-06 22:06:35
python,muliple,substring,find,2014-10-06 22:06:37
python,bioinformatics,2014-10-06 22:06:38
python,bioinformatics,2014-10-06 22:08:21
python,bioinformatics,substring,2014-10-06 22:09:08
python,bioinformatics,substring,2014-10-06 22:17:00
python,substring,find,index,2014-10-06 22:17:08
context,free,grammar,complement,2014-10-07 01:51:21
context,free,grammar,complement,2014-10-07 01:51:26
context,free,grammar,complement,2014-10-07 01:51:33
signal,linux,2014-10-07 02:24:44
signal,linux,2014-10-07 02:24:56
signal,linux,example,2014-10-07 02:25:50
unix,signal,2014-10-07 02:57:07
unix,signal,2014-10-07 02:57:42
unix,signal,2014-10-07 02:57:48
signal,linux,2014-10-07 02:57:54
signal,linux,c,2014-10-07 02:57:57
IP_RECVDSTADDR,,2014-10-07 03:59:13
IP_RECVDSTADDR,,2014-10-07 03:59:22
IP_RECVDSTADDR,,2014-10-07 03:59:43
umask,2014-10-07 05:07:50
umask,linux,2014-10-07 05:07:55
hidden,massage,2014-10-07 05:31:31
hidden,massage,bioinformatics,2014-10-07 05:31:44
conversation,with,god,freedom,2014-10-09 04:48:16
conversation,with,god,pdf,2014-10-09 04:52:31
